Model,Test Loss,Test Accuracy
Baseline,1.0629143714904785,0.5880398750305176
Ensemble,1.2663633823394775,0.6212624311447144
